NCBI_ID	Title
OL944305.1	UNVERIFIED: Apis cerana mitochondrion sequence
PV088921.1	Apis cerana mitochondrion, complete genome
AP017942.1	Apis cerana indica mitochondrial DNA, complete genome
OR936096.1	Apis cerana isolate GH-2021 haplogroup K mitochondrion, complete genome
AP018368.1	Apis cerana indica mitochondrial DNA, complete genome
AP018450.1	Apis cerana mitochondrial DNA, complete genome, country: Russia
PP692293.1	Apis cerana cerana mitochondrion, complete genome
CM077319.1	Apis cerana isolate B1952 mitochondrion, whole genome shotgun sequence
PP175371.1	Apis cerana isolate SYAC mitochondrion, complete genome
PP175370.1	Apis cerana isolate YGPAC mitochondrion, complete genome
XM_062086795.1	PREDICTED: Apis cerana neural-cadherin (LOC107999759), transcript variant X6, mRNA
XM_062086794.1	PREDICTED: Apis cerana neural-cadherin (LOC107999759), transcript variant X5, mRNA
XM_062086792.1	PREDICTED: Apis cerana neural-cadherin (LOC107999759), transcript variant X4, mRNA
XM_062086791.1	PREDICTED: Apis cerana neural-cadherin (LOC107999759), transcript variant X3, mRNA
XM_062086790.1	PREDICTED: Apis cerana neural-cadherin (LOC107999759), transcript variant X2, mRNA
XM_062086789.1	PREDICTED: Apis cerana neural-cadherin (LOC107999759), transcript variant X1, mRNA
XR_009833206.1	PREDICTED: Apis cerana uncharacterized LOC133667516 (LOC133667516), ncRNA
XR_001766528.3	PREDICTED: Apis cerana uncharacterized LOC108000396 (LOC108000396), transcript variant X5, ncRNA
XM_062086658.1	PREDICTED: Apis cerana uncharacterized LOC108000251 (LOC108000251), mRNA
XM_062086624.1	PREDICTED: Apis cerana sorbin and SH3 domain-containing protein 1 (LOC108000332), transcript variant X18, mRNA
XM_017060546.3	PREDICTED: Apis cerana homeobox protein abdominal-A homolog (LOC108000309), transcript variant X2, mRNA
XM_028667954.2	PREDICTED: Apis cerana homeobox protein abdominal-A homolog (LOC108000309), transcript variant X1, mRNA
XM_062085760.1	PREDICTED: Apis cerana dynein beta chain, ciliary (LOC107996250), mRNA
XR_009832870.1	PREDICTED: Apis cerana uncharacterized LOC114577329 (LOC114577329), ncRNA
XR_009832842.1	PREDICTED: Apis cerana uncharacterized LOC107997974 (LOC107997974), transcript variant X2, misc_RNA
XM_017061782.3	PREDICTED: Apis cerana CLIP-associating protein 1-A (LOC108001004), transcript variant X16, mRNA
XM_062084398.1	PREDICTED: Apis cerana NADPH oxidase 5 (LOC108004147), transcript variant X21, mRNA
XM_062084397.1	PREDICTED: Apis cerana NADPH oxidase 5 (LOC108004147), transcript variant X20, mRNA
XM_062084396.1	PREDICTED: Apis cerana NADPH oxidase 5 (LOC108004147), transcript variant X19, mRNA
XM_062084395.1	PREDICTED: Apis cerana NADPH oxidase 5 (LOC108004147), transcript variant X18, mRNA
XM_062084391.1	PREDICTED: Apis cerana NADPH oxidase 5 (LOC108004147), transcript variant X12, mRNA
XR_009832567.1	PREDICTED: Apis cerana NADPH oxidase 5 (LOC108004147), transcript variant X11, misc_RNA
XM_062084390.1	PREDICTED: Apis cerana NADPH oxidase 5 (LOC108004147), transcript variant X10, mRNA
XM_062084389.1	PREDICTED: Apis cerana NADPH oxidase 5 (LOC108004147), transcript variant X9, mRNA
XM_062084388.1	PREDICTED: Apis cerana NADPH oxidase 5 (LOC108004147), transcript variant X8, mRNA
XR_009832566.1	PREDICTED: Apis cerana NADPH oxidase 5 (LOC108004147), transcript variant X7, misc_RNA
XM_062084387.1	PREDICTED: Apis cerana NADPH oxidase 5 (LOC108004147), transcript variant X6, mRNA
XM_062084386.1	PREDICTED: Apis cerana NADPH oxidase 5 (LOC108004147), transcript variant X5, mRNA
XM_062084385.1	PREDICTED: Apis cerana NADPH oxidase 5 (LOC108004147), transcript variant X4, mRNA
XM_062084384.1	PREDICTED: Apis cerana NADPH oxidase 5 (LOC108004147), transcript variant X3, mRNA
XM_062084383.1	PREDICTED: Apis cerana NADPH oxidase 5 (LOC108004147), transcript variant X2, mRNA
XM_062084382.1	PREDICTED: Apis cerana NADPH oxidase 5 (LOC108004147), transcript variant X1, mRNA
XM_028669366.2	PREDICTED: Apis cerana unconventional myosin-XV (LOC108003125), transcript variant X2, mRNA
XM_028669365.2	PREDICTED: Apis cerana unconventional myosin-XV (LOC108003125), transcript variant X1, mRNA
XR_001766972.3	PREDICTED: Apis cerana uncharacterized LOC108003143 (LOC108003143), ncRNA
XM_062084191.1	PREDICTED: Apis cerana uncharacterized LOC108003989 (LOC108003989), transcript variant X1, mRNA
XM_062083893.1	PREDICTED: Apis cerana tensin-1 (LOC107996164), transcript variant X50, mRNA
XM_062083888.1	PREDICTED: Apis cerana tensin-1 (LOC107996164), transcript variant X45, mRNA
XM_062083885.1	PREDICTED: Apis cerana tensin-1 (LOC107996164), transcript variant X42, mRNA
XM_062083884.1	PREDICTED: Apis cerana tensin-1 (LOC107996164), transcript variant X41, mRNA
XM_062083866.1	PREDICTED: Apis cerana tensin-1 (LOC107996164), transcript variant X24, mRNA
XM_062083864.1	PREDICTED: Apis cerana tensin-1 (LOC107996164), transcript variant X22, mRNA
XM_062083863.1	PREDICTED: Apis cerana tensin-1 (LOC107996164), transcript variant X21, mRNA
XM_062083857.1	PREDICTED: Apis cerana tensin-1 (LOC107996164), transcript variant X15, mRNA
XM_062083856.1	PREDICTED: Apis cerana tensin-1 (LOC107996164), transcript variant X14, mRNA
XM_062083851.1	PREDICTED: Apis cerana tensin-1 (LOC107996164), transcript variant X9, mRNA
XM_062083850.1	PREDICTED: Apis cerana tensin-1 (LOC107996164), transcript variant X8, mRNA
XM_062083844.1	PREDICTED: Apis cerana tensin-1 (LOC107996164), transcript variant X2, mRNA
XM_062083843.1	PREDICTED: Apis cerana tensin-1 (LOC107996164), transcript variant X1, mRNA
XR_009832339.1	PREDICTED: Apis cerana uncharacterized LOC108002639 (LOC108002639), transcript variant X9, ncRNA
XR_009832338.1	PREDICTED: Apis cerana uncharacterized LOC108002639 (LOC108002639), transcript variant X8, ncRNA
XR_009832336.1	PREDICTED: Apis cerana uncharacterized LOC108002639 (LOC108002639), transcript variant X6, ncRNA
XR_009832335.1	PREDICTED: Apis cerana uncharacterized LOC108002639 (LOC108002639), transcript variant X5, ncRNA
XR_001766898.3	PREDICTED: Apis cerana uncharacterized LOC108002639 (LOC108002639), transcript variant X4, ncRNA
XR_009832334.1	PREDICTED: Apis cerana uncharacterized LOC108002639 (LOC108002639), transcript variant X3, ncRNA
XR_001766897.3	PREDICTED: Apis cerana uncharacterized LOC108002639 (LOC108002639), transcript variant X2, ncRNA
XR_009832333.1	PREDICTED: Apis cerana uncharacterized LOC108002639 (LOC108002639), transcript variant X1, ncRNA
XM_062083467.1	PREDICTED: Apis cerana uncharacterized LOC107996989 (LOC107996989), transcript variant X2, mRNA
XM_062083466.1	PREDICTED: Apis cerana uncharacterized LOC107996989 (LOC107996989), transcript variant X1, mRNA
XM_062083411.1	PREDICTED: Apis cerana methylcytosine dioxygenase TET (LOC107995534), transcript variant X7, mRNA
XR_009832242.1	PREDICTED: Apis cerana polycomb group protein Pc (LOC108003700), transcript variant X7, misc_RNA
XR_009832240.1	PREDICTED: Apis cerana polycomb group protein Pc (LOC108003700), transcript variant X5, misc_RNA
XM_028669639.2	PREDICTED: Apis cerana polycomb group protein Pc (LOC108003700), transcript variant X4, mRNA
XM_062083040.1	PREDICTED: Apis cerana chromodomain-helicase-DNA-binding protein 7 (LOC107998877), transcript variant X3, mRNA
XM_062083039.1	PREDICTED: Apis cerana chromodomain-helicase-DNA-binding protein 7 (LOC107998877), transcript variant X2, mRNA
XM_062082726.1	PREDICTED: Apis cerana neprilysin-2 (LOC108003716), transcript variant X3, mRNA
XR_009832119.1	PREDICTED: Apis cerana uncharacterized LOC114576991 (LOC114576991), transcript variant X2, ncRNA
XR_003696647.2	PREDICTED: Apis cerana uncharacterized LOC114576991 (LOC114576991), transcript variant X1, ncRNA
XR_001765655.3	PREDICTED: Apis cerana uncharacterized LOC107995804 (LOC107995804), ncRNA
XM_017053468.3	PREDICTED: Apis cerana uncharacterized LOC107995791 (LOC107995791), transcript variant X2, mRNA
XM_062082268.1	PREDICTED: Apis cerana intermembrane lipid transfer protein VPS13C (LOC107995743), mRNA
XM_062082230.1	PREDICTED: Apis cerana ceramide glucosyltransferase (LOC107995758), mRNA
XR_009831972.1	PREDICTED: Apis cerana uncharacterized LOC107995087 (LOC107995087), transcript variant X2, ncRNA
XR_009831971.1	PREDICTED: Apis cerana uncharacterized LOC107995087 (LOC107995087), transcript variant X1, ncRNA
XM_062081866.1	PREDICTED: Apis cerana small conductance calcium-activated potassium channel protein (LOC107995571), transcript variant X5, mRNA
XM_062081865.1	PREDICTED: Apis cerana small conductance calcium-activated potassium channel protein (LOC107995571), transcript variant X4, mRNA
XM_062081864.1	PREDICTED: Apis cerana small conductance calcium-activated potassium channel protein (LOC107995571), transcript variant X3, mRNA
XM_062081863.1	PREDICTED: Apis cerana small conductance calcium-activated potassium channel protein (LOC107995571), transcript variant X2, mRNA
XM_062081862.1	PREDICTED: Apis cerana small conductance calcium-activated potassium channel protein (LOC107995571), transcript variant X1, mRNA
XM_017055663.3	PREDICTED: Apis cerana UDP-N-acetylglucosamine--peptide N-acetylglucosaminyltransferase 110 kDa subunit (LOC107997223), transcript variant X2, mRNA
XM_017055662.3	PREDICTED: Apis cerana UDP-N-acetylglucosamine--peptide N-acetylglucosaminyltransferase 110 kDa subunit (LOC107997223), transcript variant X1, mRNA
XM_017049248.3	PREDICTED: Apis cerana serine-enriched protein (LOC107993055), transcript variant X13, mRNA
XM_028664429.2	PREDICTED: Apis cerana serine-enriched protein (LOC107993055), transcript variant X12, mRNA
XM_028664428.2	PREDICTED: Apis cerana serine-enriched protein (LOC107993055), transcript variant X11, mRNA
XM_062081090.1	PREDICTED: Apis cerana serine-enriched protein (LOC107993055), transcript variant X8, mRNA
XM_062081087.1	PREDICTED: Apis cerana serine-enriched protein (LOC107993055), transcript variant X5, mRNA
XM_062081084.1	PREDICTED: Apis cerana serine-enriched protein (LOC107993055), transcript variant X1, mRNA
XM_062080975.1	PREDICTED: Apis cerana TBC1 domain family member 14-like (LOC108001178), transcript variant X5, mRNA
XM_062080667.1	PREDICTED: Apis cerana F-box/LRR-repeat protein 14 (LOC108002249), mRNA
XM_062080183.1	PREDICTED: Apis cerana protein vein (LOC107999483), transcript variant X1, mRNA
XM_062080176.1	PREDICTED: Apis cerana uncharacterized LOC107999482 (LOC107999482), transcript variant X6, mRNA
XM_062079996.1	PREDICTED: Apis cerana protein purity of essence (LOC108003763), transcript variant X6, mRNA
XM_062079995.1	PREDICTED: Apis cerana protein purity of essence (LOC108003763), transcript variant X5, mRNA
XM_062079994.1	PREDICTED: Apis cerana protein purity of essence (LOC108003763), transcript variant X4, mRNA
XM_062079864.1	PREDICTED: Apis cerana sodium channel protein 60E (LOC107995425), transcript variant X8, mRNA
XM_062079863.1	PREDICTED: Apis cerana sodium channel protein 60E (LOC107995425), transcript variant X7, mRNA
XM_062079862.1	PREDICTED: Apis cerana sodium channel protein 60E (LOC107995425), transcript variant X6, mRNA
XM_062079861.1	PREDICTED: Apis cerana sodium channel protein 60E (LOC107995425), transcript variant X5, mRNA
XM_062079860.1	PREDICTED: Apis cerana sodium channel protein 60E (LOC107995425), transcript variant X4, mRNA
XM_062079859.1	PREDICTED: Apis cerana sodium channel protein 60E (LOC107995425), transcript variant X3, mRNA
XM_062079858.1	PREDICTED: Apis cerana sodium channel protein 60E (LOC107995425), transcript variant X2, mRNA
XM_062079857.1	PREDICTED: Apis cerana sodium channel protein 60E (LOC107995425), transcript variant X1, mRNA
XM_017056157.3	PREDICTED: Apis cerana protein still life, isoform SIF type 1 (LOC107997512), transcript variant X26, mRNA
XM_017056156.3	PREDICTED: Apis cerana protein still life, isoform SIF type 1 (LOC107997512), transcript variant X25, mRNA
XR_003697643.2	PREDICTED: Apis cerana uncharacterized LOC114577499 (LOC114577499), ncRNA
XR_009831109.1	PREDICTED: Apis cerana uncharacterized LOC108001397 (LOC108001397), transcript variant X5, ncRNA
XR_009831105.1	PREDICTED: Apis cerana uncharacterized LOC108001397 (LOC108001397), transcript variant X1, ncRNA
XM_062079171.1	PREDICTED: Apis cerana sodium channel protein para (LOC108001020), transcript variant X3, mRNA
XM_017060075.3	PREDICTED: Apis cerana dynein beta chain, ciliary-like (LOC107999984), mRNA
XM_062078435.1	PREDICTED: Apis cerana basement membrane-specific heparan sulfate proteoglycan core protein (LOC108001671), transcript variant X7, mRNA
XM_062078434.1	PREDICTED: Apis cerana basement membrane-specific heparan sulfate proteoglycan core protein (LOC108001671), transcript variant X6, mRNA
XM_062078432.1	PREDICTED: Apis cerana basement membrane-specific heparan sulfate proteoglycan core protein (LOC108001671), transcript variant X4, mRNA
XM_062078430.1	PREDICTED: Apis cerana basement membrane-specific heparan sulfate proteoglycan core protein (LOC108001671), transcript variant X3, mRNA
XM_062078429.1	PREDICTED: Apis cerana basement membrane-specific heparan sulfate proteoglycan core protein (LOC108001671), transcript variant X2, mRNA
XM_062078428.1	PREDICTED: Apis cerana basement membrane-specific heparan sulfate proteoglycan core protein (LOC108001671), transcript variant X1, mRNA
XM_062078263.1	PREDICTED: Apis cerana uncharacterized LOC107995299 (LOC107995299), transcript variant X2, mRNA
XM_062078136.1	PREDICTED: Apis cerana adenomatous polyposis coli protein (LOC107995316), transcript variant X9, mRNA
XR_009830752.1	PREDICTED: Apis cerana uncharacterized LOC114577801 (LOC114577801), transcript variant X1, ncRNA
XM_062077715.1	PREDICTED: Apis cerana uncharacterized LOC108002523 (LOC108002523), transcript variant X14, mRNA
XM_062077713.1	PREDICTED: Apis cerana uncharacterized LOC108002523 (LOC108002523), transcript variant X12, mRNA
XM_062077712.1	PREDICTED: Apis cerana uncharacterized LOC108002523 (LOC108002523), transcript variant X11, mRNA
XM_062077711.1	PREDICTED: Apis cerana uncharacterized LOC108002523 (LOC108002523), transcript variant X10, mRNA
XM_062077710.1	PREDICTED: Apis cerana uncharacterized LOC108002523 (LOC108002523), transcript variant X9, mRNA
XM_062077709.1	PREDICTED: Apis cerana uncharacterized LOC108002523 (LOC108002523), transcript variant X8, mRNA
XM_062077708.1	PREDICTED: Apis cerana uncharacterized LOC108002523 (LOC108002523), transcript variant X7, mRNA
XM_062077707.1	PREDICTED: Apis cerana uncharacterized LOC108002523 (LOC108002523), transcript variant X6, mRNA
XM_062077706.1	PREDICTED: Apis cerana uncharacterized LOC108002523 (LOC108002523), transcript variant X5, mRNA
XM_062077705.1	PREDICTED: Apis cerana uncharacterized LOC108002523 (LOC108002523), transcript variant X4, mRNA
XM_062077704.1	PREDICTED: Apis cerana uncharacterized LOC108002523 (LOC108002523), transcript variant X3, mRNA
XM_062077703.1	PREDICTED: Apis cerana uncharacterized LOC108002523 (LOC108002523), transcript variant X2, mRNA
XM_062077702.1	PREDICTED: Apis cerana uncharacterized LOC108002523 (LOC108002523), transcript variant X1, mRNA
XM_062077678.1	PREDICTED: Apis cerana cytoplasmic polyadenylation element-binding protein 2 (LOC107998447), transcript variant X2, mRNA
XM_062077677.1	PREDICTED: Apis cerana cytoplasmic polyadenylation element-binding protein 2 (LOC107998447), transcript variant X1, mRNA
XM_062077606.1	PREDICTED: Apis cerana carbonic anhydrase-related protein 10 (LOC107993663), transcript variant X13, mRNA
XM_062077605.1	PREDICTED: Apis cerana carbonic anhydrase-related protein 10 (LOC107993663), transcript variant X12, mRNA
XM_062077604.1	PREDICTED: Apis cerana carbonic anhydrase-related protein 10 (LOC107993663), transcript variant X11, mRNA
XM_062077600.1	PREDICTED: Apis cerana carbonic anhydrase-related protein 10 (LOC107993663), transcript variant X7, mRNA
XM_062077599.1	PREDICTED: Apis cerana carbonic anhydrase-related protein 10 (LOC107993663), transcript variant X6, mRNA
XM_062077598.1	PREDICTED: Apis cerana carbonic anhydrase-related protein 10 (LOC107993663), transcript variant X5, mRNA
XM_062077597.1	PREDICTED: Apis cerana carbonic anhydrase-related protein 10 (LOC107993663), transcript variant X4, mRNA
XM_062077596.1	PREDICTED: Apis cerana carbonic anhydrase-related protein 10 (LOC107993663), transcript variant X3, mRNA
XM_062077595.1	PREDICTED: Apis cerana carbonic anhydrase-related protein 10 (LOC107993663), transcript variant X2, mRNA
XM_062077594.1	PREDICTED: Apis cerana carbonic anhydrase-related protein 10 (LOC107993663), transcript variant X1, mRNA
XM_062077579.1	PREDICTED: Apis cerana protein kinase C-binding protein NELL1 (LOC107993655), transcript variant X2, mRNA
XM_062077545.1	PREDICTED: Apis cerana uncharacterized LOC108002459 (LOC108002459), transcript variant X6, mRNA
XM_028669062.2	PREDICTED: Apis cerana uncharacterized LOC108002459 (LOC108002459), transcript variant X5, mRNA
XM_062077544.1	PREDICTED: Apis cerana uncharacterized LOC108002459 (LOC108002459), transcript variant X4, mRNA
XM_017064146.3	PREDICTED: Apis cerana uncharacterized LOC108002459 (LOC108002459), transcript variant X2, mRNA
XM_062077543.1	PREDICTED: Apis cerana uncharacterized LOC108002459 (LOC108002459), transcript variant X1, mRNA
XM_062077307.1	PREDICTED: Apis cerana protein couch potato (LOC107999277), transcript variant X13, mRNA
XM_062077306.1	PREDICTED: Apis cerana protein couch potato (LOC107999277), transcript variant X12, mRNA
XM_062077305.1	PREDICTED: Apis cerana protein couch potato (LOC107999277), transcript variant X11, mRNA
XM_062077304.1	PREDICTED: Apis cerana protein couch potato (LOC107999277), transcript variant X10, mRNA
XM_062077303.1	PREDICTED: Apis cerana protein couch potato (LOC107999277), transcript variant X9, mRNA
XM_062077302.1	PREDICTED: Apis cerana protein couch potato (LOC107999277), transcript variant X8, mRNA
XM_062077301.1	PREDICTED: Apis cerana protein couch potato (LOC107999277), transcript variant X7, mRNA
XM_062077300.1	PREDICTED: Apis cerana protein couch potato (LOC107999277), transcript variant X6, mRNA
XM_062077299.1	PREDICTED: Apis cerana protein couch potato (LOC107999277), transcript variant X5, mRNA
XM_062077298.1	PREDICTED: Apis cerana protein couch potato (LOC107999277), transcript variant X4, mRNA
XM_062077297.1	PREDICTED: Apis cerana protein couch potato (LOC107999277), transcript variant X3, mRNA
XM_062077296.1	PREDICTED: Apis cerana protein couch potato (LOC107999277), transcript variant X2, mRNA
XR_009830549.1	PREDICTED: Apis cerana uncharacterized LOC133666422 (LOC133666422), ncRNA
XM_062077123.1	PREDICTED: Apis cerana gamma-aminobutyric acid receptor subunit beta (LOC107999294), transcript variant X14, mRNA
XM_062077122.1	PREDICTED: Apis cerana gamma-aminobutyric acid receptor subunit beta (LOC107999294), transcript variant X13, mRNA
XM_062077121.1	PREDICTED: Apis cerana gamma-aminobutyric acid receptor subunit beta (LOC107999294), transcript variant X12, mRNA
XM_062077120.1	PREDICTED: Apis cerana gamma-aminobutyric acid receptor subunit beta (LOC107999294), transcript variant X11, mRNA
XM_062077119.1	PREDICTED: Apis cerana gamma-aminobutyric acid receptor subunit beta (LOC107999294), transcript variant X10, mRNA
XM_062077117.1	PREDICTED: Apis cerana gamma-aminobutyric acid receptor subunit beta (LOC107999294), transcript variant X9, mRNA
XM_062077116.1	PREDICTED: Apis cerana gamma-aminobutyric acid receptor subunit beta (LOC107999294), transcript variant X8, mRNA
XM_062077115.1	PREDICTED: Apis cerana gamma-aminobutyric acid receptor subunit beta (LOC107999294), transcript variant X7, mRNA
XM_062077114.1	PREDICTED: Apis cerana gamma-aminobutyric acid receptor subunit beta (LOC107999294), transcript variant X6, mRNA
XM_062077113.1	PREDICTED: Apis cerana gamma-aminobutyric acid receptor subunit beta (LOC107999294), transcript variant X5, mRNA
XM_062077112.1	PREDICTED: Apis cerana gamma-aminobutyric acid receptor subunit beta (LOC107999294), transcript variant X4, mRNA
XM_062077111.1	PREDICTED: Apis cerana gamma-aminobutyric acid receptor subunit beta (LOC107999294), transcript variant X3, mRNA
XM_062077110.1	PREDICTED: Apis cerana gamma-aminobutyric acid receptor subunit beta (LOC107999294), transcript variant X2, mRNA
XM_062077109.1	PREDICTED: Apis cerana gamma-aminobutyric acid receptor subunit beta (LOC107999294), transcript variant X1, mRNA
XM_062076894.1	PREDICTED: Apis cerana unconventional myosin-IXa (LOC107995193), transcript variant X9, mRNA
XM_028665435.2	PREDICTED: Apis cerana unconventional myosin-IXa (LOC107995193), transcript variant X8, mRNA
XM_062076893.1	PREDICTED: Apis cerana unconventional myosin-IXa (LOC107995193), transcript variant X7, mRNA
XM_028665434.2	PREDICTED: Apis cerana unconventional myosin-IXa (LOC107995193), transcript variant X6, mRNA
XM_017052544.3	PREDICTED: Apis cerana unconventional myosin-IXa (LOC107995193), transcript variant X1, mRNA
XR_009830343.1	PREDICTED: Apis cerana uncharacterized LOC107999655 (LOC107999655), transcript variant X7, ncRNA
XM_062076622.1	PREDICTED: Apis cerana dynein axonemal heavy chain 7-like (LOC107999697), transcript variant X5, mRNA
XM_062076620.1	PREDICTED: Apis cerana dynein axonemal heavy chain 7-like (LOC107999697), transcript variant X4, mRNA
XM_062076617.1	PREDICTED: Apis cerana dynein axonemal heavy chain 7-like (LOC107999697), transcript variant X1, mRNA
XM_062076564.1	PREDICTED: Apis cerana uncharacterized LOC108000905 (LOC108000905), transcript variant X17, mRNA
XM_062076563.1	PREDICTED: Apis cerana uncharacterized LOC108000905 (LOC108000905), transcript variant X16, mRNA
XM_062076562.1	PREDICTED: Apis cerana uncharacterized LOC108000905 (LOC108000905), transcript variant X15, mRNA
XM_062076561.1	PREDICTED: Apis cerana uncharacterized LOC108000905 (LOC108000905), transcript variant X13, mRNA
XM_062076560.1	PREDICTED: Apis cerana uncharacterized LOC108000905 (LOC108000905), transcript variant X12, mRNA
XM_062076559.1	PREDICTED: Apis cerana uncharacterized LOC108000905 (LOC108000905), transcript variant X11, mRNA
XM_062076558.1	PREDICTED: Apis cerana uncharacterized LOC108000905 (LOC108000905), transcript variant X10, mRNA
XM_062076557.1	PREDICTED: Apis cerana uncharacterized LOC108000905 (LOC108000905), transcript variant X9, mRNA
XM_062076556.1	PREDICTED: Apis cerana uncharacterized LOC108000905 (LOC108000905), transcript variant X8, mRNA
XM_062076555.1	PREDICTED: Apis cerana uncharacterized LOC108000905 (LOC108000905), transcript variant X7, mRNA
XM_062076554.1	PREDICTED: Apis cerana uncharacterized LOC108000905 (LOC108000905), transcript variant X6, mRNA
XM_062076553.1	PREDICTED: Apis cerana uncharacterized LOC108000905 (LOC108000905), transcript variant X5, mRNA
XM_062076552.1	PREDICTED: Apis cerana uncharacterized LOC108000905 (LOC108000905), transcript variant X3, mRNA
XR_009830275.1	PREDICTED: Apis cerana uncharacterized LOC108000905 (LOC108000905), transcript variant X2, misc_RNA
XM_062076551.1	PREDICTED: Apis cerana uncharacterized LOC108000905 (LOC108000905), transcript variant X1, mRNA
XM_062076437.1	PREDICTED: Apis cerana la-related protein 1B (LOC107994112), transcript variant X4, mRNA
XM_062076436.1	PREDICTED: Apis cerana la-related protein 1B (LOC107994112), transcript variant X1, mRNA
XM_062076388.1	PREDICTED: Apis cerana teneurin-a (LOC107993946), transcript variant X5, mRNA
XM_062076387.1	PREDICTED: Apis cerana teneurin-a (LOC107993946), transcript variant X4, mRNA
XM_062076386.1	PREDICTED: Apis cerana teneurin-a (LOC107993946), transcript variant X3, mRNA
XM_062076385.1	PREDICTED: Apis cerana teneurin-a (LOC107993946), transcript variant X2, mRNA
XM_062076384.1	PREDICTED: Apis cerana teneurin-a (LOC107993946), transcript variant X1, mRNA
XR_009830210.1	PREDICTED: Apis cerana uncharacterized LOC107994189 (LOC107994189), transcript variant X4, ncRNA
XR_009830208.1	PREDICTED: Apis cerana uncharacterized LOC107994189 (LOC107994189), transcript variant X2, ncRNA
XR_009830207.1	PREDICTED: Apis cerana uncharacterized LOC107994189 (LOC107994189), transcript variant X1, ncRNA
XM_062076310.1	PREDICTED: Apis cerana neurobeachin (LOC107993727), transcript variant X19, mRNA
XM_062076305.1	PREDICTED: Apis cerana neurobeachin (LOC107993727), transcript variant X11, mRNA
XM_062076304.1	PREDICTED: Apis cerana neurobeachin (LOC107993727), transcript variant X8, mRNA
XM_017049899.3	PREDICTED: Apis cerana zinc finger protein chinmo (LOC107993478), transcript variant X2, mRNA
XM_017049896.3	PREDICTED: Apis cerana zinc finger protein chinmo (LOC107993478), transcript variant X1, mRNA
XM_017056689.3	PREDICTED: Apis cerana baculoviral IAP repeat-containing protein 6 (LOC107997826), transcript variant X2, mRNA
XM_017056688.3	PREDICTED: Apis cerana baculoviral IAP repeat-containing protein 6 (LOC107997826), transcript variant X1, mRNA
XM_062074862.1	PREDICTED: Apis cerana sodium/calcium exchanger 3 (LOC107994407), transcript variant X3, mRNA
XM_017056451.3	PREDICTED: Apis cerana protein kinase C (LOC107997685), transcript variant X13, mRNA
XR_009829672.1	PREDICTED: Apis cerana protein kinase C (LOC107997685), transcript variant X9, misc_RNA
XR_009829668.1	PREDICTED: Apis cerana protein kinase C (LOC107997685), transcript variant X5, misc_RNA
XR_009829667.1	PREDICTED: Apis cerana protein kinase C (LOC107997685), transcript variant X4, misc_RNA
XR_009829666.1	PREDICTED: Apis cerana protein kinase C (LOC107997685), transcript variant X3, misc_RNA
XR_009829665.1	PREDICTED: Apis cerana protein kinase C (LOC107997685), transcript variant X2, misc_RNA
XM_017056449.3	PREDICTED: Apis cerana protein kinase C (LOC107997685), transcript variant X1, mRNA
XM_062074683.1	PREDICTED: Apis cerana probable ubiquitin carboxyl-terminal hydrolase FAF-X (LOC107997608), transcript variant X7, mRNA
XR_009829639.1	PREDICTED: Apis cerana probable ubiquitin carboxyl-terminal hydrolase FAF-X (LOC107997608), transcript variant X6, misc_RNA
XM_017056325.3	PREDICTED: Apis cerana probable ubiquitin carboxyl-terminal hydrolase FAF-X (LOC107997608), transcript variant X5, mRNA
XM_062074681.1	PREDICTED: Apis cerana probable ubiquitin carboxyl-terminal hydrolase FAF-X (LOC107997608), transcript variant X4, mRNA
XM_017056322.3	PREDICTED: Apis cerana probable ubiquitin carboxyl-terminal hydrolase FAF-X (LOC107997608), transcript variant X3, mRNA
XM_017056323.2	PREDICTED: Apis cerana probable ubiquitin carboxyl-terminal hydrolase FAF-X (LOC107997608), transcript variant X2, mRNA
XM_028666610.2	PREDICTED: Apis cerana probable ubiquitin carboxyl-terminal hydrolase FAF-X (LOC107997608), transcript variant X1, mRNA
XM_062074003.1	PREDICTED: Apis cerana protein split ends (LOC107996075), transcript variant X4, mRNA
XM_062074002.1	PREDICTED: Apis cerana protein split ends (LOC107996075), transcript variant X3, mRNA
XM_062074001.1	PREDICTED: Apis cerana protein split ends (LOC107996075), transcript variant X2, mRNA
XM_062073981.1	PREDICTED: Apis cerana 1-phosphatidylinositol 4,5-bisphosphate phosphodiesterase epsilon-1 (LOC107999048), transcript variant X8, mRNA
XM_017058693.3	PREDICTED: Apis cerana 1-phosphatidylinositol 4,5-bisphosphate phosphodiesterase epsilon-1 (LOC107999048), transcript variant X7, mRNA
XM_062073980.1	PREDICTED: Apis cerana 1-phosphatidylinositol 4,5-bisphosphate phosphodiesterase epsilon-1 (LOC107999048), transcript variant X6, mRNA
XM_017058692.3	PREDICTED: Apis cerana 1-phosphatidylinositol 4,5-bisphosphate phosphodiesterase epsilon-1 (LOC107999048), transcript variant X5, mRNA
XM_062073979.1	PREDICTED: Apis cerana 1-phosphatidylinositol 4,5-bisphosphate phosphodiesterase epsilon-1 (LOC107999048), transcript variant X4, mRNA
XM_017058691.3	PREDICTED: Apis cerana 1-phosphatidylinositol 4,5-bisphosphate phosphodiesterase epsilon-1 (LOC107999048), transcript variant X3, mRNA
XM_062073978.1	PREDICTED: Apis cerana 1-phosphatidylinositol 4,5-bisphosphate phosphodiesterase epsilon-1 (LOC107999048), transcript variant X2, mRNA
XM_017058689.3	PREDICTED: Apis cerana 1-phosphatidylinositol 4,5-bisphosphate phosphodiesterase epsilon-1 (LOC107999048), transcript variant X1, mRNA
XM_062073925.1	PREDICTED: Apis cerana rap guanine nucleotide exchange factor 2 (LOC107995623), transcript variant X28, mRNA
XR_009829483.1	PREDICTED: Apis cerana uncharacterized LOC107999939 (LOC107999939), transcript variant X5, misc_RNA
XR_009829482.1	PREDICTED: Apis cerana uncharacterized LOC107999939 (LOC107999939), transcript variant X4, misc_RNA
XR_009829481.1	PREDICTED: Apis cerana uncharacterized LOC107999939 (LOC107999939), transcript variant X3, misc_RNA
XR_009829480.1	PREDICTED: Apis cerana uncharacterized LOC107999939 (LOC107999939), transcript variant X2, misc_RNA
XM_017060010.3	PREDICTED: Apis cerana uncharacterized LOC107999939 (LOC107999939), transcript variant X1, mRNA
XR_009829297.1	PREDICTED: Apis cerana E3 ubiquitin-protein ligase HERC2 (LOC108004082), transcript variant X3, misc_RNA
XM_017066743.3	PREDICTED: Apis cerana E3 ubiquitin-protein ligase HERC2 (LOC108004082), transcript variant X2, mRNA
XM_017066744.3	PREDICTED: Apis cerana E3 ubiquitin-protein ligase HERC2 (LOC108004082), transcript variant X1, mRNA
XM_062073039.1	PREDICTED: Apis cerana protein split ends (LOC108001871), transcript variant X7, mRNA
XM_062072782.1	PREDICTED: Apis cerana titin-like (LOC107998154), transcript variant X3, mRNA
XM_062072781.1	PREDICTED: Apis cerana titin-like (LOC107998154), transcript variant X2, mRNA
XM_062072780.1	PREDICTED: Apis cerana titin-like (LOC107998154), transcript variant X1, mRNA
XM_062072756.1	PREDICTED: Apis cerana protein Tob1 (LOC107998101), transcript variant X2, mRNA
XM_062072755.1	PREDICTED: Apis cerana protein Tob1 (LOC107998101), transcript variant X1, mRNA
XM_062072738.1	PREDICTED: Apis cerana phosphatase and actin regulator 4 (LOC107998112), transcript variant X19, mRNA
XM_062072737.1	PREDICTED: Apis cerana phosphatase and actin regulator 4 (LOC107998112), transcript variant X18, mRNA
XM_062072736.1	PREDICTED: Apis cerana phosphatase and actin regulator 4 (LOC107998112), transcript variant X17, mRNA
XM_062072735.1	PREDICTED: Apis cerana phosphatase and actin regulator 4 (LOC107998112), transcript variant X16, mRNA
XM_062072734.1	PREDICTED: Apis cerana phosphatase and actin regulator 4 (LOC107998112), transcript variant X15, mRNA
XM_062072733.1	PREDICTED: Apis cerana phosphatase and actin regulator 4 (LOC107998112), transcript variant X14, mRNA
XM_062072731.1	PREDICTED: Apis cerana phosphatase and actin regulator 4 (LOC107998112), transcript variant X12, mRNA
XM_062072730.1	PREDICTED: Apis cerana phosphatase and actin regulator 4 (LOC107998112), transcript variant X11, mRNA
XM_062072729.1	PREDICTED: Apis cerana phosphatase and actin regulator 4 (LOC107998112), transcript variant X10, mRNA
XM_062072727.1	PREDICTED: Apis cerana phosphatase and actin regulator 4 (LOC107998112), transcript variant X9, mRNA
XM_062072726.1	PREDICTED: Apis cerana phosphatase and actin regulator 4 (LOC107998112), transcript variant X8, mRNA
XM_062072724.1	PREDICTED: Apis cerana phosphatase and actin regulator 4 (LOC107998112), transcript variant X6, mRNA
XM_062072723.1	PREDICTED: Apis cerana phosphatase and actin regulator 4 (LOC107998112), transcript variant X5, mRNA
XM_062072722.1	PREDICTED: Apis cerana phosphatase and actin regulator 4 (LOC107998112), transcript variant X4, mRNA
XM_062072721.1	PREDICTED: Apis cerana phosphatase and actin regulator 4 (LOC107998112), transcript variant X3, mRNA
XM_062072720.1	PREDICTED: Apis cerana phosphatase and actin regulator 4 (LOC107998112), transcript variant X2, mRNA
XM_062072719.1	PREDICTED: Apis cerana phosphatase and actin regulator 4 (LOC107998112), transcript variant X1, mRNA
XM_028665683.2	PREDICTED: Apis cerana uncharacterized LOC107995718 (LOC107995718), transcript variant X9, mRNA
XM_062072242.1	PREDICTED: Apis cerana uncharacterized LOC107995718 (LOC107995718), transcript variant X8, mRNA
XM_062072240.1	PREDICTED: Apis cerana uncharacterized LOC107995718 (LOC107995718), transcript variant X7, mRNA
XM_062072239.1	PREDICTED: Apis cerana uncharacterized LOC107995718 (LOC107995718), transcript variant X6, mRNA
XM_062072237.1	PREDICTED: Apis cerana uncharacterized LOC107995718 (LOC107995718), transcript variant X4, mRNA
XR_009829025.1	PREDICTED: Apis cerana uncharacterized LOC107997139 (LOC107997139), transcript variant X9, ncRNA
XR_009829024.1	PREDICTED: Apis cerana uncharacterized LOC107997139 (LOC107997139), transcript variant X8, ncRNA
XR_009829022.1	PREDICTED: Apis cerana uncharacterized LOC107997139 (LOC107997139), transcript variant X6, ncRNA
XR_009829021.1	PREDICTED: Apis cerana uncharacterized LOC107997139 (LOC107997139), transcript variant X5, ncRNA
XR_009829020.1	PREDICTED: Apis cerana uncharacterized LOC107997139 (LOC107997139), transcript variant X4, ncRNA
XR_003697516.2	PREDICTED: Apis cerana uncharacterized LOC107997139 (LOC107997139), transcript variant X3, ncRNA
XR_009829019.1	PREDICTED: Apis cerana uncharacterized LOC107997139 (LOC107997139), transcript variant X2, ncRNA
XR_009829018.1	PREDICTED: Apis cerana uncharacterized LOC107997139 (LOC107997139), transcript variant X1, ncRNA
XM_028666350.2	PREDICTED: Apis cerana uncharacterized LOC107997064 (LOC107997064), transcript variant X12, mRNA
XM_062072151.1	PREDICTED: Apis cerana insulin-like growth factor-binding protein complex acid labile subunit (LOC107992647), transcript variant X4, mRNA
XM_062072150.1	PREDICTED: Apis cerana insulin-like growth factor-binding protein complex acid labile subunit (LOC107992647), transcript variant X3, mRNA
XM_062072149.1	PREDICTED: Apis cerana insulin-like growth factor-binding protein complex acid labile subunit (LOC107992647), transcript variant X2, mRNA
XM_062072148.1	PREDICTED: Apis cerana insulin-like growth factor-binding protein complex acid labile subunit (LOC107992647), transcript variant X1, mRNA
XR_009828987.1	PREDICTED: Apis cerana uncharacterized LOC133665742 (LOC133665742), ncRNA
XR_009828960.1	PREDICTED: Apis cerana uncharacterized LOC133665715 (LOC133665715), ncRNA
XR_009828941.1	PREDICTED: Apis cerana toll-like receptor 7 (LOC107995379), transcript variant X16, misc_RNA
XM_062071830.1	PREDICTED: Apis cerana putative transcription factor capicua (LOC107997543), transcript variant X24, mRNA
XM_062071828.1	PREDICTED: Apis cerana putative transcription factor capicua (LOC107997543), transcript variant X22, mRNA
XM_062071827.1	PREDICTED: Apis cerana putative transcription factor capicua (LOC107997543), transcript variant X21, mRNA
XM_062071826.1	PREDICTED: Apis cerana putative transcription factor capicua (LOC107997543), transcript variant X20, mRNA
XM_062071823.1	PREDICTED: Apis cerana putative transcription factor capicua (LOC107997543), transcript variant X17, mRNA
XM_062071822.1	PREDICTED: Apis cerana putative transcription factor capicua (LOC107997543), transcript variant X16, mRNA
XM_062071820.1	PREDICTED: Apis cerana putative transcription factor capicua (LOC107997543), transcript variant X14, mRNA
XM_062071818.1	PREDICTED: Apis cerana putative transcription factor capicua (LOC107997543), transcript variant X12, mRNA
XM_062071813.1	PREDICTED: Apis cerana putative transcription factor capicua (LOC107997543), transcript variant X7, mRNA
XM_062071812.1	PREDICTED: Apis cerana putative transcription factor capicua (LOC107997543), transcript variant X6, mRNA
XM_062071811.1	PREDICTED: Apis cerana putative transcription factor capicua (LOC107997543), transcript variant X5, mRNA
XM_062071809.1	PREDICTED: Apis cerana putative transcription factor capicua (LOC107997543), transcript variant X3, mRNA
XM_062071808.1	PREDICTED: Apis cerana putative transcription factor capicua (LOC107997543), transcript variant X2, mRNA
XM_062071689.1	PREDICTED: Apis cerana uncharacterized LOC108002819 (LOC108002819), transcript variant X1, mRNA
XM_062071414.1	PREDICTED: Apis cerana homeodomain-interacting protein kinase 2 (LOC108002696), transcript variant X32, mRNA
XM_062070945.1	PREDICTED: Apis cerana RNA-binding protein Musashi homolog Rbp6 (LOC107996734), transcript variant X13, mRNA
XM_062070944.1	PREDICTED: Apis cerana RNA-binding protein Musashi homolog Rbp6 (LOC107996734), transcript variant X12, mRNA
XM_062070942.1	PREDICTED: Apis cerana RNA-binding protein Musashi homolog Rbp6 (LOC107996734), transcript variant X10, mRNA
XM_062070939.1	PREDICTED: Apis cerana RNA-binding protein Musashi homolog Rbp6 (LOC107996734), transcript variant X7, mRNA
XM_062070938.1	PREDICTED: Apis cerana RNA-binding protein Musashi homolog Rbp6 (LOC107996734), transcript variant X6, mRNA
XM_062070936.1	PREDICTED: Apis cerana RNA-binding protein Musashi homolog Rbp6 (LOC107996734), transcript variant X4, mRNA
XM_062070935.1	PREDICTED: Apis cerana RNA-binding protein Musashi homolog Rbp6 (LOC107996734), transcript variant X3, mRNA
XR_009828789.1	PREDICTED: Apis cerana RNA-binding protein Musashi homolog Rbp6 (LOC107996734), transcript variant X2, misc_RNA
XM_062070934.1	PREDICTED: Apis cerana RNA-binding protein Musashi homolog Rbp6 (LOC107996734), transcript variant X1, mRNA
XM_062070859.1	PREDICTED: Apis cerana heterogeneous nuclear ribonucleoprotein L-like (LOC108002432), transcript variant X3, mRNA
XM_062070858.1	PREDICTED: Apis cerana heterogeneous nuclear ribonucleoprotein L-like (LOC108002432), transcript variant X2, mRNA
XM_062070857.1	PREDICTED: Apis cerana heterogeneous nuclear ribonucleoprotein L-like (LOC108002432), transcript variant X1, mRNA
XM_062087052.1	PREDICTED: Apis cerana homeobox protein MSX-2 (LOC108001977), transcript variant X2, mRNA
XM_062087051.1	PREDICTED: Apis cerana homeobox protein MSX-2 (LOC108001977), transcript variant X1, mRNA
XM_062086800.1	PREDICTED: Apis cerana bromodomain adjacent to zinc finger domain protein 2B (LOC108002081), transcript variant X10, mRNA
XM_062086779.1	PREDICTED: Apis cerana bromodomain adjacent to zinc finger domain protein 2B (LOC108002081), transcript variant X7, mRNA
XM_062086026.1	PREDICTED: Apis cerana lachesin-like (LOC108002059), transcript variant X11, mRNA
XM_062086002.1	PREDICTED: Apis cerana lachesin-like (LOC108002059), transcript variant X3, mRNA
XR_009832734.1	PREDICTED: Apis cerana uncharacterized LOC133667336 (LOC133667336), ncRNA
XM_062085010.1	PREDICTED: Apis cerana protein muscleblind (LOC107992839), transcript variant X5, mRNA
XM_062085004.1	PREDICTED: Apis cerana protein muscleblind (LOC107992839), transcript variant X4, mRNA
XM_062084996.1	PREDICTED: Apis cerana protein muscleblind (LOC107992839), transcript variant X3, mRNA
XM_062084985.1	PREDICTED: Apis cerana protein muscleblind (LOC107992839), transcript variant X2, mRNA
XM_062084979.1	PREDICTED: Apis cerana protein muscleblind (LOC107992839), transcript variant X1, mRNA
XM_028664298.2	PREDICTED: Apis cerana glycogen-binding subunit 76A (LOC107992741), transcript variant X5, mRNA
XM_028664297.2	PREDICTED: Apis cerana glycogen-binding subunit 76A (LOC107992741), transcript variant X2, mRNA
XR_009832225.1	PREDICTED: Apis cerana uncharacterized LOC133667080 (LOC133667080), transcript variant X5, ncRNA
XR_009832212.1	PREDICTED: Apis cerana uncharacterized LOC133667075 (LOC133667075), ncRNA
XM_062082973.1	PREDICTED: Apis cerana E3 ubiquitin-protein ligase MYCBP2 (LOC107992715), transcript variant X16, mRNA
XM_062082970.1	PREDICTED: Apis cerana E3 ubiquitin-protein ligase MYCBP2 (LOC107992715), transcript variant X15, mRNA
XM_062082967.1	PREDICTED: Apis cerana E3 ubiquitin-protein ligase MYCBP2 (LOC107992715), transcript variant X14, mRNA
XM_062082965.1	PREDICTED: Apis cerana E3 ubiquitin-protein ligase MYCBP2 (LOC107992715), transcript variant X13, mRNA
XM_062082958.1	PREDICTED: Apis cerana E3 ubiquitin-protein ligase MYCBP2 (LOC107992715), transcript variant X12, mRNA
XM_062082956.1	PREDICTED: Apis cerana E3 ubiquitin-protein ligase MYCBP2 (LOC107992715), transcript variant X11, mRNA
XM_062082952.1	PREDICTED: Apis cerana E3 ubiquitin-protein ligase MYCBP2 (LOC107992715), transcript variant X10, mRNA
XM_062082946.1	PREDICTED: Apis cerana E3 ubiquitin-protein ligase MYCBP2 (LOC107992715), transcript variant X9, mRNA
XM_062082938.1	PREDICTED: Apis cerana E3 ubiquitin-protein ligase MYCBP2 (LOC107992715), transcript variant X8, mRNA
XM_062082932.1	PREDICTED: Apis cerana E3 ubiquitin-protein ligase MYCBP2 (LOC107992715), transcript variant X7, mRNA
XM_062082925.1	PREDICTED: Apis cerana E3 ubiquitin-protein ligase MYCBP2 (LOC107992715), transcript variant X6, mRNA
XM_062082915.1	PREDICTED: Apis cerana E3 ubiquitin-protein ligase MYCBP2 (LOC107992715), transcript variant X5, mRNA
XM_062082911.1	PREDICTED: Apis cerana E3 ubiquitin-protein ligase MYCBP2 (LOC107992715), transcript variant X4, mRNA
XM_062082906.1	PREDICTED: Apis cerana E3 ubiquitin-protein ligase MYCBP2 (LOC107992715), transcript variant X3, mRNA
XM_062082902.1	PREDICTED: Apis cerana E3 ubiquitin-protein ligase MYCBP2 (LOC107992715), transcript variant X2, mRNA
XM_062082895.1	PREDICTED: Apis cerana E3 ubiquitin-protein ligase MYCBP2 (LOC107992715), transcript variant X1, mRNA
XR_009831926.1	PREDICTED: Apis cerana uncharacterized LOC107994795 (LOC107994795), ncRNA
XM_062081286.1	PREDICTED: Apis cerana teneurin-m (LOC107994843), transcript variant X15, mRNA
XM_062081279.1	PREDICTED: Apis cerana teneurin-m (LOC107994843), transcript variant X14, mRNA
XM_062081268.1	PREDICTED: Apis cerana teneurin-m (LOC107994843), transcript variant X13, mRNA
XM_062081257.1	PREDICTED: Apis cerana teneurin-m (LOC107994843), transcript variant X12, mRNA
XM_062081247.1	PREDICTED: Apis cerana teneurin-m (LOC107994843), transcript variant X11, mRNA
XM_062081245.1	PREDICTED: Apis cerana teneurin-m (LOC107994843), transcript variant X10, mRNA
XM_062081238.1	PREDICTED: Apis cerana teneurin-m (LOC107994843), transcript variant X9, mRNA
XM_062081234.1	PREDICTED: Apis cerana teneurin-m (LOC107994843), transcript variant X8, mRNA
XM_062081233.1	PREDICTED: Apis cerana teneurin-m (LOC107994843), transcript variant X7, mRNA
XM_062081226.1	PREDICTED: Apis cerana teneurin-m (LOC107994843), transcript variant X6, mRNA
XM_062081219.1	PREDICTED: Apis cerana teneurin-m (LOC107994843), transcript variant X5, mRNA
XM_062081213.1	PREDICTED: Apis cerana teneurin-m (LOC107994843), transcript variant X4, mRNA
XM_062081206.1	PREDICTED: Apis cerana teneurin-m (LOC107994843), transcript variant X3, mRNA
XM_062081198.1	PREDICTED: Apis cerana teneurin-m (LOC107994843), transcript variant X2, mRNA
XM_062081197.1	PREDICTED: Apis cerana teneurin-m (LOC107994843), transcript variant X1, mRNA
XM_017051779.3	PREDICTED: Apis cerana flotillin-2 (LOC107994734), transcript variant X7, mRNA
XM_062080984.1	PREDICTED: Apis cerana flotillin-2 (LOC107994734), transcript variant X5, mRNA
XM_062080969.1	PREDICTED: Apis cerana flotillin-2 (LOC107994734), transcript variant X3, mRNA
XM_062080964.1	PREDICTED: Apis cerana flotillin-2 (LOC107994734), transcript variant X2, mRNA
XM_028665358.2	PREDICTED: Apis cerana max-binding protein MNT (LOC107994726), transcript variant X5, mRNA
XM_062080845.1	PREDICTED: Apis cerana max-binding protein MNT (LOC107994726), transcript variant X1, mRNA
XR_009831380.1	PREDICTED: Apis cerana uncharacterized LOC107994853 (LOC107994853), transcript variant X10, ncRNA
XR_009831379.1	PREDICTED: Apis cerana uncharacterized LOC107994853 (LOC107994853), transcript variant X9, ncRNA
XR_009831378.1	PREDICTED: Apis cerana uncharacterized LOC107994853 (LOC107994853), transcript variant X8, ncRNA
XR_009831377.1	PREDICTED: Apis cerana uncharacterized LOC107994853 (LOC107994853), transcript variant X7, ncRNA
XR_009831376.1	PREDICTED: Apis cerana uncharacterized LOC107994853 (LOC107994853), transcript variant X6, ncRNA
XR_009831375.1	PREDICTED: Apis cerana uncharacterized LOC107994853 (LOC107994853), transcript variant X5, ncRNA
XR_001765414.3	PREDICTED: Apis cerana uncharacterized LOC107994853 (LOC107994853), transcript variant X4, ncRNA
XR_009831374.1	PREDICTED: Apis cerana uncharacterized LOC107994853 (LOC107994853), transcript variant X3, ncRNA
XR_009831373.1	PREDICTED: Apis cerana uncharacterized LOC107994853 (LOC107994853), transcript variant X2, ncRNA
XR_009831372.1	PREDICTED: Apis cerana uncharacterized LOC107994853 (LOC107994853), transcript variant X1, ncRNA
XR_009830580.1	PREDICTED: Apis cerana uncharacterized LOC108002423 (LOC108002423), transcript variant X7, ncRNA
XR_009830578.1	PREDICTED: Apis cerana uncharacterized LOC108002423 (LOC108002423), transcript variant X6, ncRNA
XR_009830574.1	PREDICTED: Apis cerana uncharacterized LOC108002423 (LOC108002423), transcript variant X5, ncRNA
XR_009830546.1	PREDICTED: Apis cerana uncharacterized LOC108002423 (LOC108002423), transcript variant X1, ncRNA
OR897030.1	Apis cerana isolate GZ1 mitochondrion, complete genome
OR897033.1	Apis cerana isolate GZ3 mitochondrion, complete genome
OR897032.1	Apis cerana isolate GZ2 mitochondrion, complete genome
OP689704.1	Apis cerana mitochondrion, complete genome
NC_014295.1	Apis cerana mitochondrion, complete genome
LC640352.1	Apis cerana AcR9 mitochondrial DNA, complete genome
LC640351.1	Apis cerana AcR8 mitochondrial DNA, complete genome
LC640350.1	Apis cerana AcR7 mitochondrial DNA, complete genome
LC640349.1	Apis cerana AcR6 mitochondrial DNA, complete genome
LC640348.1	Apis cerana AcR5 mitochondrial DNA, complete genome
LC640347.1	Apis cerana AcR3 mitochondrial DNA, complete genome
LC640346.1	Apis cerana AcR2 mitochondrial DNA, complete genome
LC640345.1	Apis cerana AcR1 mitochondrial DNA, complete genome
MW309837.1	Apis cerana voucher Kwon Hyung Wook mitochondrion, complete genome
AP018431.1	Apis cerana mitochondrial DNA, complete genome
KX908206.1	Apis cerana mitochondrion, complete genome
AP017984.2	Apis cerana mitochondrial DNA, complete sequence
AP017983.2	Apis cerana cerana mitochondrial DNA, complete sequence
AP017985.1	Apis cerana japonica mitochondrial DNA, complete sequence
AP018149.1	Apis cerana mitochondrial DNA, complete genome
KZ288519.1	Apis cerana cerana breed Wufu Mountain unplaced genomic scaffold Scaffold_342, whole genome shotgun sequence
KZ288534.1	Apis cerana cerana breed Wufu Mountain unplaced genomic scaffold Scaffold_359, whole genome shotgun sequence
KZ288539.1	Apis cerana cerana breed Wufu Mountain unplaced genomic scaffold Scaffold_365, whole genome shotgun sequence
KZ288542.1	Apis cerana cerana breed Wufu Mountain unplaced genomic scaffold Scaffold_370, whole genome shotgun sequence
KZ288543.1	Apis cerana cerana breed Wufu Mountain unplaced genomic scaffold Scaffold_371, whole genome shotgun sequence
KZ288546.1	Apis cerana cerana breed Wufu Mountain unplaced genomic scaffold Scaffold_374, whole genome shotgun sequence
KZ288605.1	Apis cerana cerana breed Wufu Mountain unplaced genomic scaffold Scaffold_445, whole genome shotgun sequence
AP017941.1	Apis cerana japonica mitochondrial DNA, complete genome
AP017314.1	Apis cerana japonica mitochondrial DNA, complete genome
GQ162109.1	Apis cerana mitochondrion, complete genome
KM244704.1	Apis cerana isolate CL24 mitochondrion, partial genome
